{"loss": [0.13057424830294204], "mae": [0.2545913684096211], "neg_mae": [-0.2545913684096211]}